{"_wandb":{"runtime":1},"accuracy":0.9666666666666667,"_timestamp":1.7367921201405184e+09,"_runtime":1.2767903999999999,"_step":0}