{"_runtime":2.1058418,"_step":0,"_wandb":{"runtime":2},"accuracy":0.9666666666666667,"_timestamp":1.7367920681864057e+09}