{"_step":0,"_wandb":{"runtime":1},"accuracy":1,"_timestamp":1.7367920521317363e+09,"_runtime":1.4098188}