{"accuracy":0.9666666666666667,"_timestamp":1.7367921631411757e+09,"_runtime":2.0473515,"_step":0,"_wandb":{"runtime":2}}