{"_step":0,"_wandb":{"runtime":1},"accuracy":0.9666666666666667,"_timestamp":1.7367921464794087e+09,"_runtime":1.1833189}