{"_step":0,"_wandb":{"runtime":2},"accuracy":1,"_timestamp":1.7367920307315454e+09,"_runtime":2.2555414}