{"_runtime":1.3626274,"_step":0,"_wandb":{"runtime":1},"accuracy":1,"_timestamp":1.7367921145150075e+09}