{"_wandb":{"runtime":1},"accuracy":0.9666666666666667,"_timestamp":1.7367921359663312e+09,"_runtime":1.4300343,"_step":0}