{"_timestamp":1.7367894476851017e+09,"_runtime":185.7934348,"_step":4,"_wandb":{"runtime":185},"epoch":5,"loss":0.3246025198034005}