{"_step":0,"_wandb":{"runtime":1},"accuracy":0.9333333333333333,"_timestamp":1.736792036601827e+09,"_runtime":1.1432178}