{"_runtime":1.065311,"_step":0,"_wandb":{"runtime":1},"accuracy":1,"_timestamp":1.7367920990640109e+09}