{"_wandb":{"runtime":1},"_step":0,"accuracy":1,"_timestamp":1.7367920929844298e+09,"_runtime":1.1542032}