{"accuracy":1,"_timestamp":1.7367920783103445e+09,"_runtime":1.0755701,"_step":0,"_wandb":{"runtime":1}}