{"_runtime":1.4950525,"_step":0,"_wandb":{"runtime":1},"accuracy":0.9333333333333333,"_timestamp":1.7367926890632317e+09}